country,glacier_name,glacier_id,outline_id,year,time_system,begin_date,begin_date_unc,midseason_date,midseason_date_unc,end_date,end_date_unc,winter_balance,winter_balance_unc,summer_balance,summer_balance_unc,annual_balance,annual_balance_unc,ela_position,ela,ela_unc,aar,area,investigators,agencies,references,remarks,id,rgi60_ids
AT,GOLDBERG K.,1305,,2022,combined,2021-09-13,0.0,2022-04-29,0.0,2022-09-14,0.0,1.355,0.05,-4.155,,-2.8,0.2,above,3100.0,,0.0,959100.0,Bernhard Hynek (37) | Anton Neureiter (37),37. Central Institute for Meteorology and Geodynamics,,,1305,RGI60-11.00289
AT,HALLSTAETTER G.,535,,2022,fixed,2021-10-01,0.0,2022-04-30,0.0,2022-09-30,0.0,1.689,,-4.291,,-2.602,,above,,,0.0,2448000.0,Kay Helfricht | Klaus Reingruber,,https://doi.pangaea.de/10.1594/PANGAEA.955656,calculated from submitted values,535,RGI60-11.00002
AT,HINTEREIS F.,491,,2022,fixed,2021-10-01,0.0,2022-04-30,0.0,2022-09-30,0.0,0.691,0.15,-4.01,0.15,-3.319,0.05,above,3800.0,10.0,0.0,6142000.0,Rainer Prinz (47),47. University of Innsbruck > Department of Atmospheric and Cryospheric Sciences,,,491,RGI60-11.00897
AT,JAMTAL F.,480,,2022,fixed,2021-10-01,0.0,2022-04-30,0.0,2022-09-30,0.0,0.962,,-4.592,,-3.63,,above,,,0.0,2521000.0,Andrea Fischer (31) | Lea Hartl (31),31. State of Tyrol > Abteilung Wasserwirtschaft > Hydrographic Service,"Fischer, A., Hartl, L. (2017); https://doi.pangaea.de/10.1594/PANGAEA.886077",calculated from submitted values,480,RGI60-11.00781
AT,KESSELWAND F.,507,,2022,fixed,2021-10-01,0.0,2022-04-30,0.0,2022-09-30,0.0,,,,,-2.8,0.05,above,3500.0,10.0,0.0,3549000.0,Rainer Prinz (47),47. University of Innsbruck > Department of Atmospheric and Cryospheric Sciences,,,507,RGI60-11.00787
AT,KLEINFLEISS K.,547,,2022,combined,2021-09-13,0.0,2022-04-29,0.0,2022-09-14,0.0,1.028,0.05,-3.728,,-2.7,0.2,above,3100.0,,0.0,756600.0,Bernhard Hynek (37) | Anton Neureiter (37),37. Central Institute for Meteorology and Geodynamics,,,547,RGI60-11.00251
AT,OE. WURTEN K.,545,,2022,combined,2021-09-15,0.0,,,2022-09-13,0.0,,,,,-3.596,0.1,above,2750.0,20.0,0.0,189000.0,Stefan Reisenhofer (37),37. Central Institute for Meteorology and Geodynamics,,"Glacier area 2018, DEM 2009 (extrapolated), only lower part of the glacier, no winter balance",545,RGI60-11.00300
AT,PASTERZE,566,,2022,,,,,,,,,,,,-2.128,0.05,,,,,14486000.0,Anton Neureiter (37),37. Central Institute for Meteorology and Geodynamics,,,566,RGI60-11.00106
AT,SEEKARLES F.,10459,,2022,fixed,2021-10-01,0.0,2022-04-30,0.0,2022-09-30,0.0,0.654,,-3.943,,-3.289,,above,3255.0,0.0,0.0,942352.0,Markus Strudl,,Markus Strudl (2022): Massenbilanz Seekarlesferner,,10459,RGI60-11.00593
AT,STUBACHER SONNBLICK K.,573,,2022,,2021-09-26,0.0,,,2022-09-06,0.0,,,,,-3.417,,,3000.0,,0.002,806000.0,"Bernhard Zagel (51, 40)",51. University of Salzburg > Department of Geoinformatics | 40. State of Salzburg > Hydrographic Service,"Zagel, B., G. Ehgartner, H. Slupetzky, 2023. Glaziologisches Monitoring 2022: LTER Stubachtal – Sonnblickkees: Beiträge zur Glazialhydrologie eines hochalpinen Einzugsgebietes im Oberen Stubachtal, Hohe Tauern, Land Salzburg. Berichtsjahr 2022. https://uni-salzburg.elsevierpure.com/en/publications/glaziologisches-monitoring-2022-lter-stubachtal-sonnblickkees-bei",,573,RGI60-11.00080
AT,VERNAGT F.,489,,2022,fixed,2021-10-01,0.0,2022-05-01,0.0,2022-09-30,0.0,0.526,0.1,-3.775,0.1,-3.249,0.1,above,3591.0,15.0,0.0,6597000.0,Christoph Mayer (175),175. Bavarian Academy of Sciences and Humanities > Commission for Geodesy and Glaciology,,,489,RGI60-11.00719
AT,ZETTALUNITZ/MULLWITZ K.,578,,2022,fixed,2021-10-01,0.0,2022-04-30,0.0,2022-09-30,0.0,0.816,,-3.265,,-2.449,,above,,,0.007,2564000.0,"Martin Stocker-Waldhuber (52, 31)",52. High Tauern National Park | 31. State of Tyrol > Abteilung Wasserwirtschaft > Hydrographic Service,"Stocker-Waldhuber, M. et al. (2017); https://doi.pangaea.de/10.1594/PANGAEA.886088",calculated from submitted values,578,RGI60-11.00190
CH,ADLER,3801,,2022,floating,2021-09-22,0.0,2022-04-06,0.0,2022-09-05,0.0,0.344,,-3.158,,-2.814,,above,4105.0,,0.0,1979390.0,"Matthias Huss (134, 93) | Andreas Linsbauer (137, 93)",134. University of Fribourg | 93. Glacier Monitoring in Switzerland | 137. University of Zurich,"Sold et al 2016, Frontiers in Earth Science",,3801,RGI60-11.02764
CH,ALLALIN,394,,2022,floating,2021-09-02,0.0,2022-04-30,0.0,2022-09-06,0.0,0.454,,-2.826,,-2.455,,above,4185.0,,0.0,9553130.0,"Andreas Bauder (89, 93) | Elias Hodel (89, 93)","89. ETH Zurich > Laboratory of Hydraulics, Hydrology and Glaciology | 93. Glacier Monitoring in Switzerland","Huss et al 2015, Journal of Glaciology",,394,RGI60-11.02704
CH,BASODINO,463,,2022,floating,2021-09-10,0.0,2022-04-20,0.0,2022-09-16,0.0,0.718,,-4.497,,-3.778,,above,3185.0,,0.0,1640000.0,"Giovanni Kappenberger (89, 93) | Andreas Bauder (89, 93)","89. ETH Zurich > Laboratory of Hydraulics, Hydrology and Glaciology | 93. Glacier Monitoring in Switzerland","Huss et al 2015, Journal of Glaciology",,463,RGI60-11.01987
CH,CORBASSIERE,366,,2022,floating,2021-09-15,0.0,,,2022-09-01,0.0,,,,,-2.31,,above,4245.0,,0.0,15081890.0,"Andreas Bauder (89, 93)","89. ETH Zurich > Laboratory of Hydraulics, Hydrology and Glaciology | 93. Glacier Monitoring in Switzerland","Huss et al 2015, Journal of Glaciology",,366,RGI60-11.02766
CH,CORVATSCH-S (PART OF E23/18),4535,,2022,,2021-07-02,182.0,,,2022-07-02,182.0,0.426,,,,,,,,,,178600.0,,,,,4535,RGI60-11.01962
CH,FINDELEN,389,,2022,floating,2021-09-22,0.0,2022-04-06,0.0,2022-09-05,0.0,0.486,,-3.301,,-2.815,,above,3945.0,,0.0,12511280.0,"Matthias Huss (134, 93) | Andreas Linsbauer (137, 93)",134. University of Fribourg | 93. Glacier Monitoring in Switzerland | 137. University of Zurich,"Sold et al 2016, Frontiers in Earth Science",,389,RGI60-11.02773
CH,GIETRO,367,,2022,floating,2021-09-14,0.0,2022-04-30,0.0,2022-09-01,0.0,0.846,,-3.571,,-2.724,,on,3685.0,,0.02,5153760.0,"Andreas Bauder (89, 93)","89. ETH Zurich > Laboratory of Hydraulics, Hydrology and Glaciology | 93. Glacier Monitoring in Switzerland","Huss et al 2015, Journal of Glaciology",,367,RGI60-11.02774
CH,GRIES,359,,2022,floating,2021-09-18,0.0,2022-04-20,0.0,2022-09-02,0.0,0.907,,-4.552,,-3.645,,above,3335.0,,0.0,4101880.0,"Matthias Huss (89, 93)","89. ETH Zurich > Laboratory of Hydraulics, Hydrology and Glaciology | 93. Glacier Monitoring in Switzerland","Huss et al 2015, Journal of Glaciology",,359,RGI60-11.01876
CH,GROSSER ALETSCH,360,,2022,floating,2021-09-24,0.0,2022-03-28,0.0,2022-09-21,0.0,0.911,,-3.894,,-2.982,,on,3585.0,,0.11,77977500.0,"Matthias Huss (89, 93) | Andreas Bauder (89, 93)","89. ETH Zurich > Laboratory of Hydraulics, Hydrology and Glaciology | 93. Glacier Monitoring in Switzerland","Huss et al 2015, Journal of Glaciology",,360,RGI60-11.01450
CH,HOHLAUB,3332,,2022,floating,2021-09-02,0.0,,,2022-09-06,0.0,,,,,-2.933,,on,3825.0,,0.03,2072520.0,"Andreas Bauder (89, 93) | Elias Hodel (89, 93)","89. ETH Zurich > Laboratory of Hydraulics, Hydrology and Glaciology | 93. Glacier Monitoring in Switzerland","Huss et al 2015, Journal of Glaciology",,3332,RGI60-11.02679
CH,MURTEL VADRET DAL,4339,,2022,floating,2021-09-06,0.0,2022-04-11,0.0,2022-10-15,0.0,0.648,,-3.899,,-3.251,,above,3297.0,,0.0,260600.0,"Matthias Huss (134, 93)",134. University of Fribourg | 93. Glacier Monitoring in Switzerland,"Fischer et al 2016, The Cryosphere",,4339,RGI60-11.02024
CH,OBERAAR,451,,2022,floating,2021-10-02,0.0,,,2022-10-01,0.0,,,,,-3.0,0.1,above,3360.0,,0.0,3900222.0,Samuel Nussbaumer (137) | (139),137. University of Zurich | 139. World Glacier Monitoring Service,,,451,RGI60-11.01509
CH,OTEMMA,370,,2022,floating,2021-09-24,0.0,2022-05-11,0.0,2022-09-22,0.0,0.75,,-4.363,,-3.613,,above,3675.0,,0.0,10805200.0,Mauro Fischer (123),123. University of Bern,,,370,RGI60-11.02801
CH,"PLAINE MORTE, GLACIER DE LA",4630,,2022,floating,2021-09-01,0.0,2022-04-04,0.0,2022-09-23,0.0,1.178,,-5.856,,-4.677,,above,2825.0,,0.0,6889390.0,"Matthias Huss (134, 93)",134. University of Fribourg | 93. Glacier Monitoring in Switzerland,"Huss et al 2013, Geographica Helvetica",,4630,RGI60-11.02072
CH,RHONE,473,,2022,floating,2021-09-08,0.0,2022-04-21,0.0,2022-09-09,0.0,1.309,,-3.963,,-2.653,,on,3365.0,,0.1,15173740.0,"Andreas Bauder (89, 93)","89. ETH Zurich > Laboratory of Hydraulics, Hydrology and Glaciology | 93. Glacier Monitoring in Switzerland","Huss et al 2015, Journal of Glaciology",,473,RGI60-11.01238
CH,SANKT ANNA,432,,2022,floating,2021-09-14,0.0,2022-04-14,0.0,2022-09-13,0.0,1.137,,-3.985,,-2.848,,above,2887.0,,0.0,125000.0,"Matthias Huss (134, 93)",134. University of Fribourg | 93. Glacier Monitoring in Switzerland,"Fischer et al 2016, The Cryosphere",,432,RGI60-11.01367
CH,SCHWARZBERG,395,,2022,floating,2021-09-02,0.0,,,2022-09-06,0.0,,,,,-3.386,,above,3555.0,,0.0,4890630.0,"Andreas Bauder (89, 93) | Elias Hodel (89, 93)","89. ETH Zurich > Laboratory of Hydraulics, Hydrology and Glaciology | 93. Glacier Monitoring in Switzerland","Huss et al 2015, Journal of Glaciology",,395,RGI60-11.02746
CH,SEX ROUGE,454,,2022,floating,2021-09-12,0.0,2022-04-27,0.0,2022-09-11,0.0,1.532,,-5.543,,-4.011,,above,2882.0,,0.0,257300.0,"Mauro Fischer (134, 93)",134. University of Fribourg | 93. Glacier Monitoring in Switzerland,"Fischer et al 2016, The Cryosphere",,454,RGI60-11.02244
CH,SILVRETTA,408,,2022,floating,2021-09-17,0.0,2022-05-02,0.0,2022-09-11,0.0,0.939,,-4.192,,-3.253,,above,3065.0,,0.0,2388760.0,"Andreas Bauder (89, 93)","89. ETH Zurich > Laboratory of Hydraulics, Hydrology and Glaciology | 93. Glacier Monitoring in Switzerland","Huss et al 2015, Journal of Glaciology",,408,RGI60-11.00804
CH,TSANFLEURON,371,,2022,floating,2021-10-02,0.0,2022-04-27,0.0,2022-09-10,0.0,1.578,,-5.544,,-3.966,,above,2975.0,,0.0,2323750.0,"Mauro Fischer (134, 93)",134. University of Fribourg | 93. Glacier Monitoring in Switzerland,,,371,RGI60-11.02249
ES,MALADETA,942,1136928.0,2022,fixed,2021-10-01,0.0,2022-06-05,0.0,2022-10-04,0.0,1.113,,-4.13,,-3.017,,above,3200.0,,0.0,146695.0,Guillermo Cobos Campos (221),221. Technical University of Valencia > Department of Geological and Geotechnical Engineering,,,942,RGI60-11.03209
FR,ARGENTIERE,354,,2022,floating,2021-09-22,0.0,2022-04-28,0.0,2022-10-06,0.0,,,,,-3.63,0.15,above,,,,,Delphine Six (231) | Christian Vincent (231) | (546),231. National Centre for Scientific Research | 546. Electricité d'Emosson,,,354,RGI60-11.03638
FR,GEBROULAZ,352,,2022,floating,2021-10-08,0.0,2022-05-12,0.0,2022-10-05,0.0,,,,,-2.55,0.15,above,,,,,Delphine Six (231) | Christian Vincent (231) | (545),231. National Centre for Scientific Research | 545. Vanoise National Park,,,352,RGI60-11.03671
FR,MER DE GLACE,353,,2022,floating,2021-10-07,0.0,2022-05-06,0.0,2022-10-06,0.0,,,,,,,above,,,,,Delphine Six (231) | Christian Vincent (231),231. National Centre for Scientific Research,,,353,RGI60-11.03643
FR,OSSOUE,2867,,2022,floating,2021-10-10,0.0,2022-05-28,0.0,2022-10-09,0.0,2.01,0.2,-6.07,0.1,-4.06,0.15,above,,,,,Pierre René (238),238. Association Moraine,,,2867,RGI60-11.03232
FR,SAINT SORLIN,356,,2022,floating,2021-10-08,0.0,2022-04-12,0.0,2022-09-23,0.0,,,,,-3.78,0.15,above,,,,,Delphine Six (231) | Christian Vincent (231),231. National Centre for Scientific Research,,,356,RGI60-11.03674
FR,SARENNE,357,,2022,floating,2021-10-01,0.0,2022-04-14,0.0,2022-09-22,0.0,1.64,0.2,-5.9,0.1,-4.26,0.15,above,,,,,Emmanuel Thibert (229) | Mylène Bonnefoy-Demongeot (229),"229. National Research Institute for Agriculture, Food and the Environment",,,357,RGI60-11.03756
FR,TRE LA TETE,1314,,2022,floating,2021-09-28,0.0,2022-05-12,0.0,2022-09-30,0.0,1.48,,-4.6,,-3.12,,,3350.0,,0.35,6800000.0,Luc Moreau (243),243. Glaciolab,,[flag] ela: Reported as > 3350 m,1314,RGI60-11.03651
IT,CALDERONE,1107,,2022,floating,2021-09-12,0.0,2022-06-14,0.0,2022-09-14,0.0,,,,,-0.308,0.022,,,,,48981.0,"Massimo Pecci (358, 307) | David Michele Cappelletti (355, 317) | Giulio Esposito (311) | Federica Bruschi (355) | Pinuccio D'Aquila (345) | Tiziano Caira (307) | Mattia Pecci (307) | Paolo Tuccella (316) | Edoardo Raparelli (316)",358. Presidenza del Consiglio dei Ministri > Dipartimento per gli affari regionali e le autonomie | 307. Italian Glaciological Committee | 355. University of Perugia | 317. Italian Alpine Club | 311. Ministry of Universities and Research > National Research Council > Institute of Atmospheric Pollution Research | 345. Engeoneering | 316. University of L'Aquila > Center of Excellence in Telesensing of Environment and Model Prediction of Severe Events,,"Delay of the first survey due to effects of lockdown for Covid-19. Areas were almost completely covered by snow at the beginning. Seasonal snow was conserved in 1 limited area at the end of summer | First survey at the beginning of the ablation season has been performed with delay, due to lock down for Covid-19, in strong melting condition with no summer balance measures | ANNUAL_BALANCE, ANNUAL_BALANCE_UNC: Calculated from CHANGE.THICKNESS_CHG for both glacierets assuming a density of 850 ± 60 kg/m3",1107,RGI60-11.03241
IT,CAMPO SETT.,1106,,2022,floating,2021-09-14,0.0,2022-05-09,0.0,2022-10-02,0.0,,,,,-3.13,,above,3145.0,10.0,0.0,225000.0,Riccardo Scotti (343) | Davide Colombarolli (343) | Ivan Peri (343),343. Servizio Glaciologico Lombardo,,,1106,RGI60-11.01930
IT,CIARDONEY,1264,,2022,floating,2021-09-13,0.0,2022-06-01,0.0,2022-09-20,0.0,0.39,0.05,-4.39,0.05,-4.0,0.05,above,3120.0,10.0,0.0,515972.0,Daniele Cat Berro (342) | Luca Mercalli (342),342. Società Meteorologica Italiana,,,1264,RGI60-11.03135
IT,GRAND ETRET,1238,,2022,floating,2021-09-17,0.0,2022-05-26,0.0,2022-09-16,0.0,0.606,,-4.268,,-3.662,,above,3200.0,,0.0,286865.0,"Alberto Rossotto (328, 307) | Stefano Cerise (328, 307) | Demis Massoni (328, 307) | Alberto Peracino (328, 307)",328. Gran Paradiso National Park | 307. Italian Glaciological Committee,https://www.pngp.it/sites/default/files/documenti/campagne%20glaciologiche/BILANCIO%202021-2022_corretto.pdf,,1238,RGI60-11.03166
IT,LUNGA (VEDRETTA) / LANGENF.,661,,2022,fixed,2021-10-01,0.0,,,2022-09-30,0.0,0.622,0.06,-4.029,,-3.408,0.12,above,,,0.0,1435098.0,Stephan Peter Galos (335),335. Autonomous Province of Bolzano/Bozen - South Tyrol > Civil Protection Agency > Office for Hydrology and Dams,"Galos, S. P. (2023). The Mass Balance of Langenferner / Vedretta Lunga 2022. Zenodo. https://doi.org/10.5281/zenodo.8344372",,661,RGI60-11.01776
IT,LUPO,1138,,2022,floating,2021-10-01,0.0,2022-05-06,0.0,2022-09-19,0.0,0.875,,-4.875,,-4.0,,above,2760.0,10.0,0.0,181000.0,Riccardo Scotti (343) | Marco Shackleton Masserini (343) | Roberto Porta (343) | Matteo Oreggioni (343),343. Servizio Glaciologico Lombardo,,,1138,RGI60-11.02648
IT,MALAVALLE (VEDR. DI) / UEBELTALF.,672,,2022,floating,2021-09-28,0.0,2022-05-14,0.0,2022-10-08,0.0,0.719,0.05,-3.893,0.03,-3.174,0.04,above,,,0.0,5921000.0,Gianluigi Franchi (334),334. Autonomous Province of Bolzano/Bozen - South Tyrol > Civil Protection Agency > Hydrographisches Amt,,,672,RGI60-11.00597
IT,PENDENTE (VEDR.) / HANGENDERF.,675,,2022,floating,2021-09-28,0.0,2022-05-14,0.0,2022-10-08,0.0,0.858,0.05,-4.351,0.03,-3.493,0.04,above,,,0.0,772000.0,Gianluigi Franchi (334),334. Autonomous Province of Bolzano/Bozen - South Tyrol > Civil Protection Agency > Hydrographisches Amt,,,675,RGI60-11.00603
IT,RIES OCC. (VEDR. DI) / RIESERF. WESTL.,645,,2022,floating,2021-09-24,0.0,2022-05-11,0.0,2022-10-06,0.0,0.68,,-3.167,,-2.487,,,3525.0,25.0,0.0,1452000.0,Roberto Dinale (333),333. Autonomous Province of Bolzano/Bozen - South Tyrol > Civil Protection Agency,,Calculated from submitted values,645,RGI60-11.00647
IT,SURETTA MERIDIONALE,2488,,2022,floating,2021-09-30,0.0,2022-05-06,0.0,2022-10-02,0.0,1.148,,-4.712,,-3.564,,above,2926.0,10.0,0.0,125000.0,Riccardo Scotti (343) | Paolo Gallo (343) | Fabio Villa (343) | Giovanni Prandi (343),343. Servizio Glaciologico Lombardo,,,2488,RGI60-11.01662
